{"branches": 81.57894736842105, "coverage": 88.13868613138686}